{
    "0": {
        "precision": 0.9387755102040817,
        "recall": 0.7796610169491526,
        "f1-score": 0.8518518518518519,
        "support": 59.0
    },
    "1": {
        "precision": 0.8169014084507042,
        "recall": 0.9508196721311475,
        "f1-score": 0.8787878787878788,
        "support": 61.0
    },
    "accuracy": 0.8666666666666667,
    "macro avg": {
        "precision": 0.8778384593273929,
        "recall": 0.86524034454015,
        "f1-score": 0.8653198653198653,
        "support": 120.0
    },
    "weighted avg": {
        "precision": 0.8768228418127815,
        "recall": 0.8666666666666667,
        "f1-score": 0.8655443322109988,
        "support": 120.0
    }
}