{
    "fpr": [
        0.0,
        0.0,
        0.0,
        0.0,
        0.0,
        0.0,
        0.0,
        0.0,
        0.0,
        0.0,
        0.01694915254237288,
        0.01694915254237288,
        0.01694915254237288,
        0.05084745762711865,
        0.05084745762711865,
        0.05084745762711865,
        0.05084745762711865,
        0.05084745762711865,
        0.05084745762711865,
        0.06779661016949153,
        0.0847457627118644,
        0.0847457627118644,
        0.0847457627118644,
        0.11864406779661017,
        0.11864406779661017,
        0.13559322033898305,
        0.13559322033898305,
        0.15254237288135594,
        0.2033898305084746,
        0.23728813559322035,
        0.3050847457627119,
        0.3389830508474576,
        0.3728813559322034,
        0.423728813559322,
        0.4406779661016949,
        0.4745762711864407,
        0.5254237288135594,
        0.5423728813559322,
        0.5932203389830508,
        0.6440677966101694,
        0.711864406779661,
        0.7796610169491526,
        0.7966101694915254,
        0.8305084745762712,
        0.9152542372881356,
        0.9491525423728814,
        0.9661016949152542,
        1.0
    ],
    "tpr": [
        0.0,
        0.01639344262295082,
        0.11475409836065574,
        0.14754098360655737,
        0.16393442622950818,
        0.19672131147540983,
        0.2459016393442623,
        0.2786885245901639,
        0.32786885245901637,
        0.39344262295081966,
        0.39344262295081966,
        0.4918032786885246,
        0.5409836065573771,
        0.5737704918032787,
        0.6557377049180327,
        0.6885245901639344,
        0.7377049180327869,
        0.8032786885245902,
        0.819672131147541,
        0.819672131147541,
        0.8360655737704918,
        0.9016393442622951,
        0.9180327868852459,
        0.9508196721311475,
        0.9672131147540983,
        0.9836065573770492,
        1.0,
        1.0,
        1.0,
        1.0,
        1.0,
        1.0,
        1.0,
        1.0,
        1.0,
        1.0,
        1.0,
        1.0,
        1.0,
        1.0,
        1.0,
        1.0,
        1.0,
        1.0,
        1.0,
        1.0,
        1.0,
        1.0
    ],
    "auc": 0.9661016949152542
}