{
    "accuracy": 0.8916666666666667,
    "precision": 0.8529411764705882,
    "recall": 0.9508196721311475,
    "f1_score": 0.8992248062015504
}