{
    "fpr": [
        0.0,
        0.0,
        0.0,
        0.0,
        0.0,
        0.0,
        0.0,
        0.0,
        0.0,
        0.0,
        0.0,
        0.03389830508474576,
        0.03389830508474576,
        0.03389830508474576,
        0.05084745762711865,
        0.05084745762711865,
        0.05084745762711865,
        0.05084745762711865,
        0.05084745762711865,
        0.06779661016949153,
        0.06779661016949153,
        0.06779661016949153,
        0.06779661016949153,
        0.0847457627118644,
        0.0847457627118644,
        0.1016949152542373,
        0.1016949152542373,
        0.1016949152542373,
        0.13559322033898305,
        0.13559322033898305,
        0.15254237288135594,
        0.1694915254237288,
        0.1694915254237288,
        0.1864406779661017,
        0.1864406779661017,
        0.3050847457627119,
        0.3389830508474576,
        0.423728813559322,
        0.4576271186440678,
        0.4745762711864407,
        0.5084745762711864,
        0.5254237288135594,
        0.559322033898305,
        0.7966101694915254,
        0.864406779661017,
        0.8813559322033898,
        0.9152542372881356,
        1.0
    ],
    "tpr": [
        0.0,
        0.01639344262295082,
        0.06557377049180328,
        0.09836065573770492,
        0.13114754098360656,
        0.16393442622950818,
        0.21311475409836064,
        0.2786885245901639,
        0.29508196721311475,
        0.32786885245901637,
        0.3770491803278688,
        0.3770491803278688,
        0.4262295081967213,
        0.5245901639344263,
        0.5409836065573771,
        0.5573770491803278,
        0.6229508196721312,
        0.6721311475409836,
        0.6885245901639344,
        0.7049180327868853,
        0.7213114754098361,
        0.7540983606557377,
        0.8524590163934426,
        0.8524590163934426,
        0.8688524590163934,
        0.8688524590163934,
        0.9016393442622951,
        0.9180327868852459,
        0.9180327868852459,
        0.9344262295081968,
        0.9508196721311475,
        0.9508196721311475,
        0.9836065573770492,
        0.9836065573770492,
        1.0,
        1.0,
        1.0,
        1.0,
        1.0,
        1.0,
        1.0,
        1.0,
        1.0,
        1.0,
        1.0,
        1.0,
        1.0,
        1.0
    ],
    "auc": 0.9562378438455127
}