{
    "accuracy": 0.8666666666666667,
    "precision": 0.8169014084507042,
    "recall": 0.9508196721311475,
    "f1_score": 0.8787878787878788
}