{
    "fpr": [
        0.0,
        0.0,
        0.0,
        0.0,
        0.0,
        0.0,
        0.0,
        0.0,
        0.0,
        0.0,
        0.0,
        0.0,
        0.01694915254237288,
        0.01694915254237288,
        0.01694915254237288,
        0.01694915254237288,
        0.01694915254237288,
        0.01694915254237288,
        0.01694915254237288,
        0.01694915254237288,
        0.03389830508474576,
        0.03389830508474576,
        0.05084745762711865,
        0.05084745762711865,
        0.06779661016949153,
        0.06779661016949153,
        0.0847457627118644,
        0.0847457627118644,
        0.11864406779661017,
        0.15254237288135594,
        0.15254237288135594,
        0.1864406779661017,
        0.1864406779661017,
        0.2542372881355932,
        0.2542372881355932,
        0.288135593220339,
        0.3559322033898305,
        0.3728813559322034,
        0.3728813559322034,
        0.4576271186440678,
        0.4745762711864407,
        0.4915254237288136,
        0.5254237288135594,
        0.5423728813559322,
        0.576271186440678,
        0.711864406779661,
        0.7457627118644068,
        0.7627118644067796,
        0.8135593220338984,
        0.8305084745762712,
        0.8983050847457628,
        0.9322033898305084,
        0.9830508474576272,
        1.0
    ],
    "tpr": [
        0.0,
        0.01639344262295082,
        0.11475409836065574,
        0.14754098360655737,
        0.18032786885245902,
        0.21311475409836064,
        0.22950819672131148,
        0.26229508196721313,
        0.32786885245901637,
        0.3770491803278688,
        0.4262295081967213,
        0.4918032786885246,
        0.4918032786885246,
        0.5573770491803278,
        0.5901639344262295,
        0.6065573770491803,
        0.6721311475409836,
        0.7377049180327869,
        0.7704918032786885,
        0.8032786885245902,
        0.8032786885245902,
        0.819672131147541,
        0.819672131147541,
        0.8360655737704918,
        0.8524590163934426,
        0.8688524590163934,
        0.8688524590163934,
        0.9016393442622951,
        0.9016393442622951,
        0.9016393442622951,
        0.9180327868852459,
        0.9180327868852459,
        0.9508196721311475,
        0.9508196721311475,
        0.9672131147540983,
        0.9672131147540983,
        0.9672131147540983,
        0.9672131147540983,
        0.9836065573770492,
        0.9836065573770492,
        1.0,
        1.0,
        1.0,
        1.0,
        1.0,
        1.0,
        1.0,
        1.0,
        1.0,
        1.0,
        1.0,
        1.0,
        1.0,
        1.0
    ],
    "auc": 0.9619338705195888
}