{
    "0": {
        "precision": 0.9423076923076923,
        "recall": 0.8305084745762712,
        "f1-score": 0.8828828828828829,
        "support": 59.0
    },
    "1": {
        "precision": 0.8529411764705882,
        "recall": 0.9508196721311475,
        "f1-score": 0.8992248062015504,
        "support": 61.0
    },
    "accuracy": 0.8916666666666667,
    "macro avg": {
        "precision": 0.8976244343891402,
        "recall": 0.8906640733537093,
        "f1-score": 0.8910538445422167,
        "support": 120.0
    },
    "weighted avg": {
        "precision": 0.896879713423831,
        "recall": 0.8916666666666667,
        "f1-score": 0.8911900272365388,
        "support": 120.0
    }
}