{
    "accuracy": 0.9166666666666666,
    "precision": 0.8923076923076924,
    "recall": 0.9508196721311475,
    "f1_score": 0.9206349206349206
}