{
    "fpr": [
        0.0,
        0.0,
        0.0,
        0.0,
        0.0,
        0.0,
        0.0,
        0.0,
        0.0,
        0.01694915254237288,
        0.01694915254237288,
        0.01694915254237288,
        0.03389830508474576,
        0.03389830508474576,
        0.03389830508474576,
        0.03389830508474576,
        0.03389830508474576,
        0.03389830508474576,
        0.03389830508474576,
        0.03389830508474576,
        0.05084745762711865,
        0.05084745762711865,
        0.06779661016949153,
        0.06779661016949153,
        0.06779661016949153,
        0.0847457627118644,
        0.1016949152542373,
        0.1016949152542373,
        0.11864406779661017,
        0.11864406779661017,
        0.11864406779661017,
        0.11864406779661017,
        0.13559322033898305,
        0.23728813559322035,
        0.2711864406779661,
        0.3220338983050847,
        0.3559322033898305,
        0.3898305084745763,
        0.423728813559322,
        0.5423728813559322,
        0.576271186440678,
        0.6101694915254238,
        0.6440677966101694,
        0.6779661016949152,
        0.7288135593220338,
        0.7627118644067796,
        0.7966101694915254,
        0.8135593220338984,
        0.864406779661017,
        1.0
    ],
    "tpr": [
        0.0,
        0.01639344262295082,
        0.06557377049180328,
        0.09836065573770492,
        0.13114754098360656,
        0.16393442622950818,
        0.19672131147540983,
        0.26229508196721313,
        0.3442622950819672,
        0.3442622950819672,
        0.4098360655737705,
        0.4426229508196721,
        0.45901639344262296,
        0.47540983606557374,
        0.5081967213114754,
        0.5573770491803278,
        0.5901639344262295,
        0.6065573770491803,
        0.639344262295082,
        0.6885245901639344,
        0.6885245901639344,
        0.819672131147541,
        0.819672131147541,
        0.8360655737704918,
        0.8688524590163934,
        0.8852459016393442,
        0.8852459016393442,
        0.9016393442622951,
        0.9016393442622951,
        0.9180327868852459,
        0.9508196721311475,
        0.9672131147540983,
        1.0,
        1.0,
        1.0,
        1.0,
        1.0,
        1.0,
        1.0,
        1.0,
        1.0,
        1.0,
        1.0,
        1.0,
        1.0,
        1.0,
        1.0,
        1.0,
        1.0,
        1.0
    ],
    "auc": 0.9652681300361211
}