{
    "0": {
        "precision": 0.8947368421052632,
        "recall": 0.864406779661017,
        "f1-score": 0.8793103448275862,
        "support": 59.0
    },
    "1": {
        "precision": 0.873015873015873,
        "recall": 0.9016393442622951,
        "f1-score": 0.8870967741935484,
        "support": 61.0
    },
    "accuracy": 0.8833333333333333,
    "macro avg": {
        "precision": 0.8838763575605681,
        "recall": 0.883023061961656,
        "f1-score": 0.8832035595105673,
        "support": 120.0
    },
    "weighted avg": {
        "precision": 0.8836953494848231,
        "recall": 0.8833333333333333,
        "f1-score": 0.8832684464219503,
        "support": 120.0
    }
}