{
    "fpr": [
        0.0,
        0.0,
        0.0,
        0.0,
        0.0,
        0.0,
        0.0,
        0.0,
        0.0,
        0.0,
        0.01694915254237288,
        0.01694915254237288,
        0.01694915254237288,
        0.03389830508474576,
        0.03389830508474576,
        0.03389830508474576,
        0.03389830508474576,
        0.05084745762711865,
        0.05084745762711865,
        0.05084745762711865,
        0.05084745762711865,
        0.06779661016949153,
        0.06779661016949153,
        0.0847457627118644,
        0.0847457627118644,
        0.1016949152542373,
        0.11864406779661017,
        0.13559322033898305,
        0.13559322033898305,
        0.1694915254237288,
        0.1694915254237288,
        0.1864406779661017,
        0.1864406779661017,
        0.2033898305084746,
        0.2033898305084746,
        0.23728813559322035,
        0.2711864406779661,
        0.3050847457627119,
        0.3389830508474576,
        0.3728813559322034,
        0.423728813559322,
        0.4576271186440678,
        0.5084745762711864,
        0.5423728813559322,
        0.6610169491525424,
        0.711864406779661,
        0.7288135593220338,
        0.7966101694915254,
        0.8135593220338984,
        0.8813559322033898,
        0.8983050847457628,
        0.9322033898305084,
        1.0
    ],
    "tpr": [
        0.0,
        0.01639344262295082,
        0.21311475409836064,
        0.22950819672131148,
        0.26229508196721313,
        0.3114754098360656,
        0.36065573770491804,
        0.39344262295081966,
        0.4262295081967213,
        0.4426229508196721,
        0.4426229508196721,
        0.5081967213114754,
        0.5409836065573771,
        0.5573770491803278,
        0.7049180327868853,
        0.7377049180327869,
        0.7540983606557377,
        0.7540983606557377,
        0.7704918032786885,
        0.8032786885245902,
        0.8852459016393442,
        0.8852459016393442,
        0.9016393442622951,
        0.9016393442622951,
        0.9180327868852459,
        0.9180327868852459,
        0.9344262295081968,
        0.9344262295081968,
        0.9508196721311475,
        0.9508196721311475,
        0.9672131147540983,
        0.9672131147540983,
        0.9836065573770492,
        0.9836065573770492,
        1.0,
        1.0,
        1.0,
        1.0,
        1.0,
        1.0,
        1.0,
        1.0,
        1.0,
        1.0,
        1.0,
        1.0,
        1.0,
        1.0,
        1.0,
        1.0,
        1.0,
        1.0,
        1.0
    ],
    "auc": 0.9688802445123645
}