{
    "fpr": [
        0.0,
        0.0,
        0.0,
        0.0,
        0.0,
        0.0,
        0.0,
        0.0,
        0.0,
        0.0,
        0.0,
        0.01694915254237288,
        0.01694915254237288,
        0.01694915254237288,
        0.01694915254237288,
        0.01694915254237288,
        0.01694915254237288,
        0.03389830508474576,
        0.03389830508474576,
        0.05084745762711865,
        0.05084745762711865,
        0.06779661016949153,
        0.06779661016949153,
        0.1016949152542373,
        0.1016949152542373,
        0.13559322033898305,
        0.13559322033898305,
        0.15254237288135594,
        0.2033898305084746,
        0.288135593220339,
        0.3050847457627119,
        0.3050847457627119,
        0.3220338983050847,
        0.3220338983050847,
        0.3389830508474576,
        0.3389830508474576,
        0.3728813559322034,
        0.6779661016949152,
        0.7288135593220338,
        0.7457627118644068,
        0.7966101694915254,
        0.8135593220338984,
        0.847457627118644,
        1.0
    ],
    "tpr": [
        0.0,
        0.01639344262295082,
        0.13114754098360656,
        0.16393442622950818,
        0.19672131147540983,
        0.22950819672131148,
        0.29508196721311475,
        0.32786885245901637,
        0.36065573770491804,
        0.4098360655737705,
        0.45901639344262296,
        0.45901639344262296,
        0.4918032786885246,
        0.5409836065573771,
        0.5737704918032787,
        0.6065573770491803,
        0.6229508196721312,
        0.6229508196721312,
        0.639344262295082,
        0.6721311475409836,
        0.7704918032786885,
        0.8032786885245902,
        0.8360655737704918,
        0.8360655737704918,
        0.8688524590163934,
        0.8688524590163934,
        0.9344262295081968,
        0.9344262295081968,
        0.9344262295081968,
        0.9344262295081968,
        0.9508196721311475,
        0.9672131147540983,
        0.9672131147540983,
        0.9836065573770492,
        0.9836065573770492,
        1.0,
        1.0,
        1.0,
        1.0,
        1.0,
        1.0,
        1.0,
        1.0,
        1.0
    ],
    "auc": 0.9531814392886914
}