{
    "accuracy": 0.8833333333333333,
    "precision": 0.873015873015873,
    "recall": 0.9016393442622951,
    "f1_score": 0.8870967741935484
}