{
    "fpr": [
        0.0,
        0.0,
        0.0,
        0.01694915254237288,
        0.01694915254237288,
        0.06779661016949153,
        0.06779661016949153,
        0.11864406779661017,
        0.11864406779661017,
        1.0
    ],
    "tpr": [
        0.0,
        0.01639344262295082,
        0.7540983606557377,
        0.7540983606557377,
        0.9180327868852459,
        0.9180327868852459,
        0.9672131147540983,
        0.9672131147540983,
        1.0,
        1.0
    ],
    "auc": 0.9899972214504029
}