{
    "fpr": [
        0.0,
        0.0,
        0.0,
        0.01694915254237288,
        0.01694915254237288,
        0.03389830508474576,
        0.03389830508474576,
        0.05084745762711865,
        0.05084745762711865,
        0.05084745762711865,
        0.05084745762711865,
        0.06779661016949153,
        0.06779661016949153,
        0.0847457627118644,
        0.0847457627118644,
        0.1016949152542373,
        0.13559322033898305,
        0.13559322033898305,
        0.2033898305084746,
        0.2033898305084746,
        0.22033898305084745,
        0.22033898305084745,
        1.0
    ],
    "tpr": [
        0.0,
        0.01639344262295082,
        0.13114754098360656,
        0.13114754098360656,
        0.5081967213114754,
        0.5081967213114754,
        0.6721311475409836,
        0.6721311475409836,
        0.7213114754098361,
        0.7540983606557377,
        0.9016393442622951,
        0.9016393442622951,
        0.9180327868852459,
        0.9180327868852459,
        0.9344262295081968,
        0.9344262295081968,
        0.9344262295081968,
        0.9508196721311475,
        0.9508196721311475,
        0.9672131147540983,
        0.9672131147540983,
        1.0,
        1.0
    ],
    "auc": 0.9611003056404557
}