{
    "0": {
        "precision": 0.9444444444444444,
        "recall": 0.864406779661017,
        "f1-score": 0.9026548672566371,
        "support": 59.0
    },
    "1": {
        "precision": 0.8787878787878788,
        "recall": 0.9508196721311475,
        "f1-score": 0.9133858267716536,
        "support": 61.0
    },
    "accuracy": 0.9083333333333333,
    "macro avg": {
        "precision": 0.9116161616161615,
        "recall": 0.9076132258960823,
        "f1-score": 0.9080203470141454,
        "support": 120.0
    },
    "weighted avg": {
        "precision": 0.9110690235690235,
        "recall": 0.9083333333333333,
        "f1-score": 0.9081097716767704,
        "support": 120.0
    }
}