{
    "accuracy": 0.9083333333333333,
    "precision": 0.8787878787878788,
    "recall": 0.9508196721311475,
    "f1_score": 0.9133858267716536
}