{
    "fpr": [
        0.0,
        0.0,
        0.0,
        0.01694915254237288,
        0.01694915254237288,
        0.03389830508474576,
        0.03389830508474576,
        0.05084745762711865,
        0.05084745762711865,
        0.06779661016949153,
        0.06779661016949153,
        0.0847457627118644,
        0.0847457627118644,
        0.1016949152542373,
        0.1016949152542373,
        0.11864406779661017,
        0.11864406779661017,
        1.0
    ],
    "tpr": [
        0.0,
        0.01639344262295082,
        0.3770491803278688,
        0.3770491803278688,
        0.4098360655737705,
        0.4098360655737705,
        0.8688524590163934,
        0.8688524590163934,
        0.9016393442622951,
        0.9016393442622951,
        0.9344262295081968,
        0.9344262295081968,
        0.9672131147540983,
        0.9672131147540983,
        0.9836065573770492,
        0.9836065573770492,
        1.0,
        1.0
    ],
    "auc": 0.9736037788274521
}