{
    "0": {
        "precision": 0.9473684210526315,
        "recall": 0.9152542372881356,
        "f1-score": 0.9310344827586207,
        "support": 59.0
    },
    "1": {
        "precision": 0.9206349206349206,
        "recall": 0.9508196721311475,
        "f1-score": 0.9354838709677419,
        "support": 61.0
    },
    "accuracy": 0.9333333333333333,
    "macro avg": {
        "precision": 0.934001670843776,
        "recall": 0.9330369547096415,
        "f1-score": 0.9332591768631813,
        "support": 120.0
    },
    "weighted avg": {
        "precision": 0.9337788916736284,
        "recall": 0.9333333333333333,
        "f1-score": 0.9332962550982573,
        "support": 120.0
    }
}