{
    "accuracy": 0.9333333333333333,
    "precision": 0.9206349206349206,
    "recall": 0.9508196721311475,
    "f1_score": 0.9354838709677419
}