{
    "0": {
        "precision": 0.9629629629629629,
        "recall": 0.8813559322033898,
        "f1-score": 0.9203539823008849,
        "support": 59.0
    },
    "1": {
        "precision": 0.8939393939393939,
        "recall": 0.9672131147540983,
        "f1-score": 0.9291338582677166,
        "support": 61.0
    },
    "accuracy": 0.925,
    "macro avg": {
        "precision": 0.9284511784511784,
        "recall": 0.924284523478744,
        "f1-score": 0.9247439202843007,
        "support": 120.0
    },
    "weighted avg": {
        "precision": 0.9278759820426487,
        "recall": 0.925,
        "f1-score": 0.9248170859173577,
        "support": 120.0
    }
}