{
    "accuracy": 0.925,
    "precision": 0.8939393939393939,
    "recall": 0.9672131147540983,
    "f1_score": 0.9291338582677166
}