{
    "fpr": [
        0.0,
        0.15254237288135594,
        0.1694915254237288,
        0.1694915254237288,
        0.2033898305084746,
        0.22033898305084745,
        0.22033898305084745,
        0.23728813559322035,
        0.23728813559322035,
        0.2542372881355932,
        0.2542372881355932,
        0.3898305084745763,
        0.3898305084745763,
        0.423728813559322,
        0.423728813559322,
        0.8305084745762712,
        1.0
    ],
    "tpr": [
        0.0,
        0.8688524590163934,
        0.8688524590163934,
        0.9016393442622951,
        0.9016393442622951,
        0.9016393442622951,
        0.9180327868852459,
        0.9180327868852459,
        0.9344262295081968,
        0.9344262295081968,
        0.9672131147540983,
        0.9672131147540983,
        0.9836065573770492,
        0.9836065573770492,
        1.0,
        1.0,
        1.0
    ],
    "auc": 0.8989997221450402
}