{
    "accuracy": 0.85,
    "precision": 0.8208955223880597,
    "recall": 0.9016393442622951,
    "f1_score": 0.859375
}