{
    "accuracy": 0.9166666666666666,
    "precision": 0.8805970149253731,
    "recall": 0.9672131147540983,
    "f1_score": 0.921875
}