{
    "0": {
        "precision": 0.8867924528301887,
        "recall": 0.7966101694915254,
        "f1-score": 0.8392857142857143,
        "support": 59.0
    },
    "1": {
        "precision": 0.8208955223880597,
        "recall": 0.9016393442622951,
        "f1-score": 0.859375,
        "support": 61.0
    },
    "accuracy": 0.85,
    "macro avg": {
        "precision": 0.8538439876091242,
        "recall": 0.8491247568769102,
        "f1-score": 0.8493303571428572,
        "support": 120.0
    },
    "weighted avg": {
        "precision": 0.8532948465221065,
        "recall": 0.85,
        "f1-score": 0.8494977678571428,
        "support": 120.0
    }
}