{
    "fpr": [
        0.0,
        0.0,
        0.0,
        0.01694915254237288,
        0.01694915254237288,
        0.03389830508474576,
        0.03389830508474576,
        0.05084745762711865,
        0.05084745762711865,
        0.06779661016949153,
        0.06779661016949153,
        0.13559322033898305,
        0.13559322033898305,
        0.15254237288135594,
        0.15254237288135594,
        1.0
    ],
    "tpr": [
        0.0,
        0.01639344262295082,
        0.22950819672131148,
        0.22950819672131148,
        0.5409836065573771,
        0.5409836065573771,
        0.8852459016393442,
        0.8852459016393442,
        0.9016393442622951,
        0.9016393442622951,
        0.9508196721311475,
        0.9508196721311475,
        0.9836065573770492,
        0.9836065573770492,
        1.0,
        1.0
    ],
    "auc": 0.9719366490691859
}