{
    "fpr": [
        0.0,
        0.0,
        0.0,
        0.03389830508474576,
        0.03389830508474576,
        0.05084745762711865,
        0.05084745762711865,
        0.06779661016949153,
        0.06779661016949153,
        0.0847457627118644,
        0.0847457627118644,
        0.1016949152542373,
        0.1016949152542373,
        0.11864406779661017,
        0.11864406779661017,
        0.13559322033898305,
        0.13559322033898305,
        1.0
    ],
    "tpr": [
        0.0,
        0.01639344262295082,
        0.13114754098360656,
        0.13114754098360656,
        0.8688524590163934,
        0.8688524590163934,
        0.8852459016393442,
        0.8852459016393442,
        0.9344262295081968,
        0.9344262295081968,
        0.9508196721311475,
        0.9508196721311475,
        0.9672131147540983,
        0.9672131147540983,
        0.9836065573770492,
        0.9836065573770492,
        1.0,
        1.0
    ],
    "auc": 0.963601000277855
}