{
    "fpr": [
        0.0,
        0.0,
        0.0,
        0.01694915254237288,
        0.01694915254237288,
        0.03389830508474576,
        0.03389830508474576,
        0.05084745762711865,
        0.05084745762711865,
        0.06779661016949153,
        0.06779661016949153,
        0.1016949152542373,
        0.1016949152542373,
        0.15254237288135594,
        0.15254237288135594,
        1.0
    ],
    "tpr": [
        0.0,
        0.01639344262295082,
        0.3770491803278688,
        0.3770491803278688,
        0.7049180327868853,
        0.7049180327868853,
        0.7868852459016393,
        0.7868852459016393,
        0.8852459016393442,
        0.8852459016393442,
        0.9180327868852459,
        0.9180327868852459,
        0.9836065573770492,
        0.9836065573770492,
        1.0,
        1.0
    ],
    "auc": 0.9752709085857183
}