{
    "0": {
        "precision": 0.9622641509433962,
        "recall": 0.864406779661017,
        "f1-score": 0.9107142857142857,
        "support": 59.0
    },
    "1": {
        "precision": 0.8805970149253731,
        "recall": 0.9672131147540983,
        "f1-score": 0.921875,
        "support": 61.0
    },
    "accuracy": 0.9166666666666666,
    "macro avg": {
        "precision": 0.9214305829343847,
        "recall": 0.9158099472075576,
        "f1-score": 0.9162946428571428,
        "support": 120.0
    },
    "weighted avg": {
        "precision": 0.9207500234675677,
        "recall": 0.9166666666666666,
        "f1-score": 0.9163876488095238,
        "support": 120.0
    }
}