{
    "accuracy": 0.9416666666666667,
    "precision": 0.9090909090909091,
    "recall": 0.9836065573770492,
    "f1_score": 0.9448818897637795
}