{
    "0": {
        "precision": 0.9814814814814815,
        "recall": 0.8983050847457628,
        "f1-score": 0.9380530973451328,
        "support": 59.0
    },
    "1": {
        "precision": 0.9090909090909091,
        "recall": 0.9836065573770492,
        "f1-score": 0.9448818897637795,
        "support": 61.0
    },
    "accuracy": 0.9416666666666667,
    "macro avg": {
        "precision": 0.9452861952861953,
        "recall": 0.940955821061406,
        "f1-score": 0.9414674935544561,
        "support": 120.0
    },
    "weighted avg": {
        "precision": 0.9446829405162738,
        "recall": 0.9416666666666667,
        "f1-score": 0.9415244001579448,
        "support": 120.0
    }
}