{
    "fpr": [
        0.0,
        0.0,
        0.0,
        0.01694915254237288,
        0.01694915254237288,
        0.03389830508474576,
        0.03389830508474576,
        0.0847457627118644,
        0.0847457627118644,
        0.11864406779661017,
        0.11864406779661017,
        0.15254237288135594,
        0.15254237288135594,
        0.1694915254237288,
        0.1694915254237288,
        1.0
    ],
    "tpr": [
        0.0,
        0.01639344262295082,
        0.16393442622950818,
        0.16393442622950818,
        0.7540983606557377,
        0.7540983606557377,
        0.9016393442622951,
        0.9016393442622951,
        0.9508196721311475,
        0.9508196721311475,
        0.9672131147540983,
        0.9672131147540983,
        0.9836065573770492,
        0.9836065573770492,
        1.0,
        1.0
    ],
    "auc": 0.9736037788274521
}