{
    "fpr": [
        0.0,
        0.0,
        0.0,
        0.01694915254237288,
        0.01694915254237288,
        0.03389830508474576,
        0.03389830508474576,
        0.03389830508474576,
        0.03389830508474576,
        0.05084745762711865,
        0.05084745762711865,
        0.06779661016949153,
        0.06779661016949153,
        0.0847457627118644,
        0.0847457627118644,
        0.1016949152542373,
        0.1016949152542373,
        0.15254237288135594,
        0.15254237288135594,
        0.22033898305084745,
        0.22033898305084745,
        0.2542372881355932,
        0.3050847457627119,
        0.559322033898305,
        0.5932203389830508,
        1.0
    ],
    "tpr": [
        0.0,
        0.01639344262295082,
        0.3442622950819672,
        0.3442622950819672,
        0.4098360655737705,
        0.4098360655737705,
        0.7377049180327869,
        0.7704918032786885,
        0.819672131147541,
        0.819672131147541,
        0.8852459016393442,
        0.8852459016393442,
        0.9016393442622951,
        0.9016393442622951,
        0.9508196721311475,
        0.9508196721311475,
        0.9672131147540983,
        0.9672131147540983,
        0.9836065573770492,
        0.9836065573770492,
        1.0,
        1.0,
        1.0,
        1.0,
        1.0,
        1.0
    ],
    "auc": 0.9686023895526534
}