{
    "fpr": [
        0.0,
        0.0,
        0.0,
        0.01694915254237288,
        0.01694915254237288,
        0.03389830508474576,
        0.03389830508474576,
        0.06779661016949153,
        0.06779661016949153,
        0.0847457627118644,
        0.0847457627118644,
        0.15254237288135594,
        0.15254237288135594,
        0.23728813559322035,
        0.23728813559322035,
        1.0
    ],
    "tpr": [
        0.0,
        0.01639344262295082,
        0.08196721311475409,
        0.08196721311475409,
        0.7704918032786885,
        0.7704918032786885,
        0.9016393442622951,
        0.9016393442622951,
        0.9180327868852459,
        0.9180327868852459,
        0.9508196721311475,
        0.9508196721311475,
        0.9836065573770492,
        0.9836065573770492,
        1.0,
        1.0
    ],
    "auc": 0.9711030841900528
}