{
    "0": {
        "precision": 0.9454545454545454,
        "recall": 0.8813559322033898,
        "f1-score": 0.9122807017543859,
        "support": 59.0
    },
    "1": {
        "precision": 0.8923076923076924,
        "recall": 0.9508196721311475,
        "f1-score": 0.9206349206349206,
        "support": 61.0
    },
    "accuracy": 0.9166666666666666,
    "macro avg": {
        "precision": 0.9188811188811189,
        "recall": 0.9160878021672687,
        "f1-score": 0.9164578111946533,
        "support": 120.0
    },
    "weighted avg": {
        "precision": 0.9184382284382285,
        "recall": 0.9166666666666666,
        "f1-score": 0.9165274296853243,
        "support": 120.0
    }
}