{
    "0": {
        "precision": 0.9107142857142857,
        "recall": 0.864406779661017,
        "f1-score": 0.8869565217391304,
        "support": 59.0
    },
    "1": {
        "precision": 0.875,
        "recall": 0.9180327868852459,
        "f1-score": 0.896,
        "support": 61.0
    },
    "accuracy": 0.8916666666666667,
    "macro avg": {
        "precision": 0.8928571428571428,
        "recall": 0.8912197832731314,
        "f1-score": 0.8914782608695653,
        "support": 120.0
    },
    "weighted avg": {
        "precision": 0.8925595238095239,
        "recall": 0.8916666666666667,
        "f1-score": 0.8915536231884058,
        "support": 120.0
    }
}