{
    "fpr": [
        0.0,
        0.0847457627118644,
        0.0847457627118644,
        0.11864406779661017,
        0.11864406779661017,
        0.13559322033898305,
        0.13559322033898305,
        0.1694915254237288,
        0.1694915254237288,
        0.1864406779661017,
        0.1864406779661017,
        0.2711864406779661,
        0.2711864406779661,
        0.288135593220339,
        0.288135593220339,
        1.0
    ],
    "tpr": [
        0.0,
        0.7704918032786885,
        0.8360655737704918,
        0.8360655737704918,
        0.8524590163934426,
        0.8524590163934426,
        0.9180327868852459,
        0.9180327868852459,
        0.9508196721311475,
        0.9508196721311475,
        0.9672131147540983,
        0.9672131147540983,
        0.9836065573770492,
        0.9836065573770492,
        1.0,
        1.0
    ],
    "auc": 0.9331758821894971
}