{
    "accuracy": 0.8916666666666667,
    "precision": 0.875,
    "recall": 0.9180327868852459,
    "f1_score": 0.896
}