{
    "fpr": [
        0.0,
        0.0,
        0.0,
        0.01694915254237288,
        0.01694915254237288,
        0.05084745762711865,
        0.05084745762711865,
        0.06779661016949153,
        0.06779661016949153,
        0.15254237288135594,
        0.15254237288135594,
        0.2542372881355932,
        0.2542372881355932,
        0.3728813559322034,
        0.3728813559322034,
        1.0
    ],
    "tpr": [
        0.0,
        0.01639344262295082,
        0.11475409836065574,
        0.11475409836065574,
        0.7377049180327869,
        0.7377049180327869,
        0.9016393442622951,
        0.9016393442622951,
        0.9508196721311475,
        0.9508196721311475,
        0.9672131147540983,
        0.9672131147540983,
        0.9836065573770492,
        0.9836065573770492,
        1.0,
        1.0
    ],
    "auc": 0.9649902750764101
}